id;first_name;last_name;mail;phone;organization_id
1;Employee_1;Employee_1;employee1@apnmt.de;726-412-7416 x153;1
2;Employee_2;Employee_2;employee2@apnmt.de;(829) 800-2521;1
3;Employee_3;Employee_3;employee3@apnmt.de;(531) 831-0958 x539;1
4;Employee_4;Employee_4;employee4@apnmt.de;1-614-511-3012 x36917;2
5;Employee_5;Employee_5;employee5@apnmt.de;1-316-691-7421;2
6;Employee_6;Employee_6;employee6@apnmt.de;256-695-2000;2
7;Employee_7;Employee_7;employee7@apnmt.de;598.271.1227;3
8;Employee_8;Employee_8;employee8@apnmt.de;209.401.3264 x106;3
9;Employee_9;Employee_9;employee9@apnmt.de;274.304.1553 x36552;3
10;Employee_10;Employee_10;employee10@apnmt.de;(756) 702-0605;4
11;Employee_11;Employee_11;employee11@apnmt.de;726-412-7416 x153;4
12;Employee_12;Employee_12;employee12@apnmt.de;(829) 800-2521;4
13;Employee_13;Employee_13;employee13@apnmt.de;(531) 831-0958 x539;5
14;Employee_14;Employee_14;employee14@apnmt.de;1-614-511-3012 x36917;5
15;Employee_15;Employee_15;employee15@apnmt.de;1-316-691-7421;5
16;Employee_16;Employee_16;employee16@apnmt.de;256-695-2000;6
17;Employee_17;Employee_17;employee17@apnmt.de;598.271.1227;6
18;Employee_18;Employee_18;employee18@apnmt.de;209.401.3264 x106;6
19;Employee_19;Employee_19;employee19@apnmt.de;274.304.1553 x36552;7
20;Employee_20;Employee_20;employee20@apnmt.de;(756) 702-0605;7
21;Employee_21;Employee_21;employee21@apnmt.de;726-412-7416 x153;7
22;Employee_22;Employee_22;employee22@apnmt.de;(829) 800-2521;8
23;Employee_23;Employee_23;employee23@apnmt.de;(531) 831-0958 x539;8
24;Employee_24;Employee_24;employee24@apnmt.de;1-614-511-3012 x36917;8
25;Employee_25;Employee_25;employee25@apnmt.de;1-316-691-7421;9
26;Employee_26;Employee_26;employee26@apnmt.de;256-695-2000;9
27;Employee_27;Employee_27;employee27@apnmt.de;598.271.1227;9
28;Employee_28;Employee_28;employee28@apnmt.de;209.401.3264 x106;10
29;Employee_29;Employee_29;employee29@apnmt.de;274.304.1553 x36552;10
30;Employee_30;Employee_30;employee30@apnmt.de;(756) 702-0605;10
31;Employee_31;Employee_31;employee31@apnmt.de;726-412-7416 x153;11
32;Employee_32;Employee_32;employee32@apnmt.de;(829) 800-2521;11
33;Employee_33;Employee_33;employee33@apnmt.de;(531) 831-0958 x539;11
34;Employee_34;Employee_34;employee34@apnmt.de;1-614-511-3012 x36917;12
35;Employee_35;Employee_35;employee35@apnmt.de;1-316-691-7421;12
36;Employee_36;Employee_36;employee36@apnmt.de;256-695-2000;12
37;Employee_37;Employee_37;employee37@apnmt.de;598.271.1227;13
38;Employee_38;Employee_38;employee38@apnmt.de;209.401.3264 x106;13
39;Employee_39;Employee_39;employee39@apnmt.de;274.304.1553 x36552;13
40;Employee_40;Employee_40;employee37@apnmt.de;598.271.1227;14
41;Employee_41;Employee_41;employee38@apnmt.de;209.401.3264 x106;14
42;Employee_42;Employee_42;employee39@apnmt.de;274.304.1553 x36552;14
43;Employee_43;Employee_43;employee37@apnmt.de;598.271.1227;15
44;Employee_44;Employee_44;employee38@apnmt.de;209.401.3264 x106;15
45;Employee_45;Employee_45;employee39@apnmt.de;274.304.1553 x36552;15
46;Employee_46;Employee_46;employee37@apnmt.de;598.271.1227;16
47;Employee_47;Employee_47;employee38@apnmt.de;209.401.3264 x106;16
48;Employee_48;Employee_48;employee39@apnmt.de;274.304.1553 x36552;16
49;Employee_49;Employee_49;employee37@apnmt.de;598.271.1227;17
50;Employee_50;Employee_50;employee38@apnmt.de;209.401.3264 x106;17
51;Employee_51;Employee_51;employee39@apnmt.de;274.304.1553 x36552;17
52;Employee_52;Employee_52;employee37@apnmt.de;598.271.1227;18
53;Employee_53;Employee_53;employee38@apnmt.de;209.401.3264 x106;18
54;Employee_54;Employee_54;employee39@apnmt.de;274.304.1553 x36552;18
55;Employee_55;Employee_55;employee37@apnmt.de;598.271.1227;19
56;Employee_56;Employee_56;employee38@apnmt.de;209.401.3264 x106;19
57;Employee_57;Employee_57;employee39@apnmt.de;274.304.1553 x36552;19
58;Employee_58;Employee_58;employee37@apnmt.de;598.271.1227;20
59;Employee_59;Employee_59;employee38@apnmt.de;209.401.3264 x106;20
60;Employee_60;Employee_60;employee39@apnmt.de;274.304.1553 x36552;20
61;Employee_61;Employee_61;employee37@apnmt.de;598.271.1227;21
62;Employee_62;Employee_62;employee38@apnmt.de;209.401.3264 x106;21
63;Employee_63;Employee_63;employee39@apnmt.de;274.304.1553 x36552;21
64;Employee_64;Employee_64;employee37@apnmt.de;598.271.1227;22
65;Employee_65;Employee_65;employee38@apnmt.de;209.401.3264 x106;22
66;Employee_66;Employee_66;employee39@apnmt.de;274.304.1553 x36552;22
67;Employee_67;Employee_67;employee37@apnmt.de;598.271.1227;23
68;Employee_68;Employee_68;employee38@apnmt.de;209.401.3264 x106;23
69;Employee_69;Employee_69;employee39@apnmt.de;274.304.1553 x36552;23
70;Employee_70;Employee_70;employee37@apnmt.de;598.271.1227;24
71;Employee_71;Employee_71;employee38@apnmt.de;209.401.3264 x106;24
72;Employee_72;Employee_72;employee39@apnmt.de;274.304.1553 x36552;24
73;Employee_73;Employee_73;employee37@apnmt.de;598.271.1227;25
74;Employee_74;Employee_74;employee38@apnmt.de;209.401.3264 x106;25
75;Employee_75;Employee_75;employee39@apnmt.de;274.304.1553 x36552;25
76;Employee_76;Employee_76;employee37@apnmt.de;598.271.1227;26
77;Employee_77;Employee_77;employee38@apnmt.de;209.401.3264 x106;26
78;Employee_78;Employee_78;employee39@apnmt.de;274.304.1553 x36552;26
79;Employee_79;Employee_79;employee37@apnmt.de;598.271.1227;27
80;Employee_80;Employee_80;employee38@apnmt.de;209.401.3264 x106;27
81;Employee_81;Employee_81;employee39@apnmt.de;274.304.1553 x36552;27
82;Employee_82;Employee_82;employee37@apnmt.de;598.271.1227;28
83;Employee_83;Employee_83;employee38@apnmt.de;209.401.3264 x106;28
84;Employee_84;Employee_84;employee39@apnmt.de;274.304.1553 x36552;28
85;Employee_85;Employee_85;employee37@apnmt.de;598.271.1227;29
86;Employee_86;Employee_86;employee38@apnmt.de;209.401.3264 x106;29
87;Employee_87;Employee_87;employee39@apnmt.de;274.304.1553 x36552;29
88;Employee_88;Employee_88;employee37@apnmt.de;598.271.1227;30
89;Employee_89;Employee_89;employee38@apnmt.de;209.401.3264 x106;30
90;Employee_90;Employee_90;employee39@apnmt.de;274.304.1553 x36552;30
91;Employee_91;Employee_91;employee37@apnmt.de;598.271.1227;31
92;Employee_92;Employee_92;employee38@apnmt.de;209.401.3264 x106;31
93;Employee_93;Employee_93;employee39@apnmt.de;274.304.1553 x36552;31
94;Employee_94;Employee_94;employee37@apnmt.de;598.271.1227;32
95;Employee_95;Employee_95;employee38@apnmt.de;209.401.3264 x106;32
96;Employee_96;Employee_96;employee39@apnmt.de;274.304.1553 x36552;32
97;Employee_97;Employee_97;employee37@apnmt.de;598.271.1227;33
98;Employee_98;Employee_98;employee38@apnmt.de;209.401.3264 x106;33
99;Employee_99;Employee_99;employee39@apnmt.de;274.304.1553 x36552;33
100;Employee_100;Employee_100;employee37@apnmt.de;598.271.1227;34
101;Employee_101;Employee_101;employee38@apnmt.de;209.401.3264 x106;34
102;Employee_102;Employee_102;employee39@apnmt.de;274.304.1553 x36552;34
103;Employee_103;Employee_103;employee37@apnmt.de;598.271.1227;35
104;Employee_104;Employee_104;employee38@apnmt.de;209.401.3264 x106;35
105;Employee_105;Employee_105;employee39@apnmt.de;274.304.1553 x36552;35
106;Employee_106;Employee_106;employee37@apnmt.de;598.271.1227;36
107;Employee_107;Employee_107;employee38@apnmt.de;209.401.3264 x106;36
108;Employee_108;Employee_108;employee39@apnmt.de;274.304.1553 x36552;36
109;Employee_109;Employee_109;employee37@apnmt.de;598.271.1227;37
110;Employee_110;Employee_110;employee38@apnmt.de;209.401.3264 x106;37
111;Employee_111;Employee_111;employee39@apnmt.de;274.304.1553 x36552;37
112;Employee_112;Employee_112;employee37@apnmt.de;598.271.1227;38
113;Employee_113;Employee_113;employee38@apnmt.de;209.401.3264 x106;38
114;Employee_114;Employee_114;employee39@apnmt.de;274.304.1553 x36552;38
115;Employee_115;Employee_115;employee37@apnmt.de;598.271.1227;39
116;Employee_116;Employee_116;employee38@apnmt.de;209.401.3264 x106;39
117;Employee_117;Employee_117;employee39@apnmt.de;274.304.1553 x36552;39
118;Employee_118;Employee_118;employee37@apnmt.de;598.271.1227;40
119;Employee_119;Employee_119;employee38@apnmt.de;209.401.3264 x106;40
120;Employee_120;Employee_120;employee39@apnmt.de;274.304.1553 x36552;40
121;Employee_121;Employee_121;employee37@apnmt.de;598.271.1227;41
122;Employee_122;Employee_122;employee38@apnmt.de;209.401.3264 x106;41
123;Employee_123;Employee_123;employee39@apnmt.de;274.304.1553 x36552;41
124;Employee_124;Employee_124;employee37@apnmt.de;598.271.1227;42
125;Employee_125;Employee_125;employee38@apnmt.de;209.401.3264 x106;42
126;Employee_126;Employee_126;employee39@apnmt.de;274.304.1553 x36552;42
127;Employee_127;Employee_127;employee37@apnmt.de;598.271.1227;43
128;Employee_128;Employee_128;employee38@apnmt.de;209.401.3264 x106;43
129;Employee_129;Employee_129;employee39@apnmt.de;274.304.1553 x36552;43
130;Employee_130;Employee_130;employee37@apnmt.de;598.271.1227;44
131;Employee_131;Employee_131;employee38@apnmt.de;209.401.3264 x106;44
132;Employee_132;Employee_132;employee39@apnmt.de;274.304.1553 x36552;44
133;Employee_133;Employee_133;employee37@apnmt.de;598.271.1227;45
134;Employee_134;Employee_134;employee38@apnmt.de;209.401.3264 x106;45
135;Employee_135;Employee_135;employee39@apnmt.de;274.304.1553 x36552;45
136;Employee_136;Employee_136;employee37@apnmt.de;598.271.1227;46
137;Employee_137;Employee_137;employee38@apnmt.de;209.401.3264 x106;46
138;Employee_138;Employee_138;employee39@apnmt.de;274.304.1553 x36552;46
139;Employee_139;Employee_139;employee37@apnmt.de;598.271.1227;47
140;Employee_140;Employee_140;employee38@apnmt.de;209.401.3264 x106;47
141;Employee_141;Employee_141;employee39@apnmt.de;274.304.1553 x36552;47
142;Employee_142;Employee_142;employee37@apnmt.de;598.271.1227;48
143;Employee_143;Employee_143;employee38@apnmt.de;209.401.3264 x106;48
144;Employee_144;Employee_144;employee39@apnmt.de;274.304.1553 x36552;48
145;Employee_145;Employee_145;employee37@apnmt.de;598.271.1227;49
146;Employee_146;Employee_146;employee38@apnmt.de;209.401.3264 x106;49
147;Employee_147;Employee_147;employee39@apnmt.de;274.304.1553 x36552;49
148;Employee_148;Employee_148;employee37@apnmt.de;598.271.1227;50
149;Employee_149;Employee_149;employee38@apnmt.de;209.401.3264 x106;50
150;Employee_150;Employee_150;employee39@apnmt.de;274.304.1553 x36552;50
151;Employee_151;Employee_151;employee37@apnmt.de;598.271.1227;51
152;Employee_152;Employee_152;employee38@apnmt.de;209.401.3264 x106;51
153;Employee_153;Employee_153;employee39@apnmt.de;274.304.1553 x36552;51
154;Employee_154;Employee_154;employee37@apnmt.de;598.271.1227;52
155;Employee_155;Employee_155;employee38@apnmt.de;209.401.3264 x106;52
156;Employee_156;Employee_156;employee39@apnmt.de;274.304.1553 x36552;52
157;Employee_157;Employee_157;employee37@apnmt.de;598.271.1227;53
158;Employee_158;Employee_158;employee38@apnmt.de;209.401.3264 x106;53
159;Employee_159;Employee_159;employee39@apnmt.de;274.304.1553 x36552;53
160;Employee_160;Employee_160;employee37@apnmt.de;598.271.1227;54
161;Employee_161;Employee_161;employee38@apnmt.de;209.401.3264 x106;54
162;Employee_162;Employee_162;employee39@apnmt.de;274.304.1553 x36552;54
163;Employee_163;Employee_163;employee37@apnmt.de;598.271.1227;55
164;Employee_164;Employee_164;employee38@apnmt.de;209.401.3264 x106;55
165;Employee_165;Employee_165;employee39@apnmt.de;274.304.1553 x36552;55
166;Employee_166;Employee_166;employee37@apnmt.de;598.271.1227;56
167;Employee_167;Employee_167;employee38@apnmt.de;209.401.3264 x106;56
168;Employee_168;Employee_168;employee39@apnmt.de;274.304.1553 x36552;56
169;Employee_169;Employee_169;employee37@apnmt.de;598.271.1227;57
170;Employee_170;Employee_170;employee38@apnmt.de;209.401.3264 x106;57
171;Employee_171;Employee_171;employee39@apnmt.de;274.304.1553 x36552;57
172;Employee_172;Employee_172;employee37@apnmt.de;598.271.1227;58
173;Employee_173;Employee_173;employee38@apnmt.de;209.401.3264 x106;58
174;Employee_174;Employee_174;employee39@apnmt.de;274.304.1553 x36552;58
175;Employee_175;Employee_175;employee37@apnmt.de;598.271.1227;59
176;Employee_176;Employee_176;employee38@apnmt.de;209.401.3264 x106;59
177;Employee_177;Employee_177;employee39@apnmt.de;274.304.1553 x36552;59
178;Employee_178;Employee_178;employee37@apnmt.de;598.271.1227;60
179;Employee_179;Employee_179;employee38@apnmt.de;209.401.3264 x106;60
180;Employee_180;Employee_180;employee39@apnmt.de;274.304.1553 x36552;60
181;Employee_181;Employee_181;employee37@apnmt.de;598.271.1227;61
182;Employee_182;Employee_182;employee38@apnmt.de;209.401.3264 x106;61
183;Employee_183;Employee_183;employee39@apnmt.de;274.304.1553 x36552;61
184;Employee_184;Employee_184;employee37@apnmt.de;598.271.1227;62
185;Employee_185;Employee_185;employee38@apnmt.de;209.401.3264 x106;62
186;Employee_186;Employee_186;employee39@apnmt.de;274.304.1553 x36552;62
187;Employee_187;Employee_187;employee37@apnmt.de;598.271.1227;63
188;Employee_188;Employee_188;employee38@apnmt.de;209.401.3264 x106;63
189;Employee_189;Employee_189;employee39@apnmt.de;274.304.1553 x36552;63
190;Employee_190;Employee_190;employee37@apnmt.de;598.271.1227;64
191;Employee_191;Employee_191;employee38@apnmt.de;209.401.3264 x106;64
192;Employee_192;Employee_192;employee39@apnmt.de;274.304.1553 x36552;64
193;Employee_193;Employee_193;employee37@apnmt.de;598.271.1227;65
194;Employee_194;Employee_194;employee38@apnmt.de;209.401.3264 x106;65
195;Employee_195;Employee_195;employee39@apnmt.de;274.304.1553 x36552;65
196;Employee_196;Employee_196;employee37@apnmt.de;598.271.1227;66
197;Employee_197;Employee_197;employee38@apnmt.de;209.401.3264 x106;66
198;Employee_198;Employee_198;employee39@apnmt.de;274.304.1553 x36552;66
199;Employee_199;Employee_199;employee37@apnmt.de;598.271.1227;67
200;Employee_200;Employee_200;employee38@apnmt.de;209.401.3264 x106;67
201;Employee_201;Employee_201;employee39@apnmt.de;274.304.1553 x36552;67
202;Employee_202;Employee_202;employee37@apnmt.de;598.271.1227;68
203;Employee_203;Employee_203;employee38@apnmt.de;209.401.3264 x106;68
204;Employee_204;Employee_204;employee39@apnmt.de;274.304.1553 x36552;68
205;Employee_205;Employee_205;employee37@apnmt.de;598.271.1227;69
206;Employee_206;Employee_206;employee38@apnmt.de;209.401.3264 x106;69
207;Employee_207;Employee_207;employee39@apnmt.de;274.304.1553 x36552;69
208;Employee_208;Employee_208;employee37@apnmt.de;598.271.1227;70
209;Employee_209;Employee_209;employee38@apnmt.de;209.401.3264 x106;70
210;Employee_210;Employee_210;employee39@apnmt.de;274.304.1553 x36552;70
211;Employee_211;Employee_211;employee37@apnmt.de;598.271.1227;71
212;Employee_212;Employee_212;employee38@apnmt.de;209.401.3264 x106;71
213;Employee_213;Employee_213;employee39@apnmt.de;274.304.1553 x36552;71
214;Employee_214;Employee_214;employee37@apnmt.de;598.271.1227;72
215;Employee_215;Employee_215;employee38@apnmt.de;209.401.3264 x106;72
216;Employee_216;Employee_216;employee39@apnmt.de;274.304.1553 x36552;72
217;Employee_217;Employee_217;employee37@apnmt.de;598.271.1227;73
218;Employee_218;Employee_218;employee38@apnmt.de;209.401.3264 x106;73
219;Employee_219;Employee_219;employee39@apnmt.de;274.304.1553 x36552;73
220;Employee_220;Employee_220;employee37@apnmt.de;598.271.1227;74
221;Employee_221;Employee_221;employee38@apnmt.de;209.401.3264 x106;74
222;Employee_222;Employee_222;employee39@apnmt.de;274.304.1553 x36552;74
223;Employee_223;Employee_223;employee37@apnmt.de;598.271.1227;75
224;Employee_224;Employee_224;employee38@apnmt.de;209.401.3264 x106;75
225;Employee_225;Employee_225;employee39@apnmt.de;274.304.1553 x36552;75
226;Employee_226;Employee_226;employee37@apnmt.de;598.271.1227;76
227;Employee_227;Employee_227;employee38@apnmt.de;209.401.3264 x106;76
228;Employee_228;Employee_228;employee39@apnmt.de;274.304.1553 x36552;76
229;Employee_229;Employee_229;employee37@apnmt.de;598.271.1227;77
230;Employee_230;Employee_230;employee38@apnmt.de;209.401.3264 x106;77
231;Employee_231;Employee_231;employee39@apnmt.de;274.304.1553 x36552;77
232;Employee_232;Employee_232;employee37@apnmt.de;598.271.1227;78
233;Employee_233;Employee_233;employee38@apnmt.de;209.401.3264 x106;78
234;Employee_234;Employee_234;employee39@apnmt.de;274.304.1553 x36552;78
235;Employee_235;Employee_235;employee37@apnmt.de;598.271.1227;79
236;Employee_236;Employee_236;employee38@apnmt.de;209.401.3264 x106;79
237;Employee_237;Employee_237;employee39@apnmt.de;274.304.1553 x36552;79
238;Employee_238;Employee_238;employee37@apnmt.de;598.271.1227;80
239;Employee_239;Employee_239;employee38@apnmt.de;209.401.3264 x106;80
240;Employee_240;Employee_240;employee39@apnmt.de;274.304.1553 x36552;80
241;Employee_241;Employee_241;employee37@apnmt.de;598.271.1227;81
242;Employee_242;Employee_242;employee38@apnmt.de;209.401.3264 x106;81
243;Employee_243;Employee_243;employee39@apnmt.de;274.304.1553 x36552;81
244;Employee_244;Employee_244;employee37@apnmt.de;598.271.1227;82
245;Employee_245;Employee_245;employee38@apnmt.de;209.401.3264 x106;82
246;Employee_246;Employee_246;employee39@apnmt.de;274.304.1553 x36552;82
247;Employee_247;Employee_247;employee37@apnmt.de;598.271.1227;83
248;Employee_248;Employee_248;employee38@apnmt.de;209.401.3264 x106;83
249;Employee_249;Employee_249;employee39@apnmt.de;274.304.1553 x36552;83
250;Employee_250;Employee_250;employee37@apnmt.de;598.271.1227;84
251;Employee_251;Employee_251;employee38@apnmt.de;209.401.3264 x106;84
252;Employee_252;Employee_252;employee39@apnmt.de;274.304.1553 x36552;84
253;Employee_253;Employee_253;employee37@apnmt.de;598.271.1227;85
254;Employee_254;Employee_254;employee38@apnmt.de;209.401.3264 x106;85
255;Employee_255;Employee_255;employee39@apnmt.de;274.304.1553 x36552;85
256;Employee_256;Employee_256;employee37@apnmt.de;598.271.1227;86
257;Employee_257;Employee_257;employee38@apnmt.de;209.401.3264 x106;86
258;Employee_258;Employee_258;employee39@apnmt.de;274.304.1553 x36552;86
259;Employee_259;Employee_259;employee37@apnmt.de;598.271.1227;87
260;Employee_260;Employee_260;employee38@apnmt.de;209.401.3264 x106;87
261;Employee_261;Employee_261;employee39@apnmt.de;274.304.1553 x36552;87
262;Employee_262;Employee_262;employee37@apnmt.de;598.271.1227;88
263;Employee_263;Employee_263;employee38@apnmt.de;209.401.3264 x106;88
264;Employee_264;Employee_264;employee39@apnmt.de;274.304.1553 x36552;88
265;Employee_265;Employee_265;employee37@apnmt.de;598.271.1227;89
266;Employee_266;Employee_266;employee38@apnmt.de;209.401.3264 x106;89
267;Employee_267;Employee_267;employee39@apnmt.de;274.304.1553 x36552;89
268;Employee_268;Employee_268;employee37@apnmt.de;598.271.1227;90
269;Employee_269;Employee_269;employee38@apnmt.de;209.401.3264 x106;90
270;Employee_270;Employee_270;employee39@apnmt.de;274.304.1553 x36552;90
271;Employee_271;Employee_271;employee37@apnmt.de;598.271.1227;91
272;Employee_272;Employee_272;employee38@apnmt.de;209.401.3264 x106;91
273;Employee_273;Employee_273;employee39@apnmt.de;274.304.1553 x36552;91
274;Employee_274;Employee_274;employee37@apnmt.de;598.271.1227;92
275;Employee_275;Employee_275;employee38@apnmt.de;209.401.3264 x106;92
276;Employee_276;Employee_276;employee39@apnmt.de;274.304.1553 x36552;92
277;Employee_277;Employee_277;employee37@apnmt.de;598.271.1227;93
278;Employee_278;Employee_278;employee38@apnmt.de;209.401.3264 x106;93
279;Employee_279;Employee_279;employee39@apnmt.de;274.304.1553 x36552;93
280;Employee_280;Employee_280;employee37@apnmt.de;598.271.1227;94
281;Employee_281;Employee_281;employee38@apnmt.de;209.401.3264 x106;94
282;Employee_282;Employee_282;employee39@apnmt.de;274.304.1553 x36552;94
283;Employee_283;Employee_283;employee37@apnmt.de;598.271.1227;95
284;Employee_284;Employee_284;employee38@apnmt.de;209.401.3264 x106;95
285;Employee_285;Employee_285;employee39@apnmt.de;274.304.1553 x36552;95
286;Employee_286;Employee_286;employee37@apnmt.de;598.271.1227;96
287;Employee_287;Employee_287;employee38@apnmt.de;209.401.3264 x106;96
288;Employee_288;Employee_288;employee39@apnmt.de;274.304.1553 x36552;96
289;Employee_289;Employee_289;employee37@apnmt.de;598.271.1227;97
290;Employee_290;Employee_290;employee38@apnmt.de;209.401.3264 x106;97
291;Employee_291;Employee_291;employee39@apnmt.de;274.304.1553 x36552;97
292;Employee_292;Employee_292;employee37@apnmt.de;598.271.1227;98
293;Employee_293;Employee_293;employee38@apnmt.de;209.401.3264 x106;98
294;Employee_294;Employee_294;employee39@apnmt.de;274.304.1553 x36552;98
295;Employee_295;Employee_295;employee37@apnmt.de;598.271.1227;99
296;Employee_296;Employee_296;employee38@apnmt.de;209.401.3264 x106;99
297;Employee_297;Employee_297;employee39@apnmt.de;274.304.1553 x36552;99
298;Employee_298;Employee_298;employee37@apnmt.de;598.271.1227;100
299;Employee_299;Employee_299;employee38@apnmt.de;209.401.3264 x106;100
300;Employee_300;Employee_300;employee39@apnmt.de;274.304.1553 x36552;100
301;Employee_301;Employee_301;employee37@apnmt.de;598.271.1227;101
302;Employee_302;Employee_302;employee38@apnmt.de;209.401.3264 x106;101
303;Employee_303;Employee_303;employee39@apnmt.de;274.304.1553 x36552;101
304;Employee_304;Employee_304;employee37@apnmt.de;598.271.1227;102
305;Employee_305;Employee_305;employee38@apnmt.de;209.401.3264 x106;102
306;Employee_306;Employee_306;employee39@apnmt.de;274.304.1553 x36552;102
307;Employee_307;Employee_307;employee37@apnmt.de;598.271.1227;103
308;Employee_308;Employee_308;employee38@apnmt.de;209.401.3264 x106;103
309;Employee_309;Employee_309;employee39@apnmt.de;274.304.1553 x36552;103
310;Employee_310;Employee_310;employee37@apnmt.de;598.271.1227;104
311;Employee_311;Employee_311;employee38@apnmt.de;209.401.3264 x106;104
312;Employee_312;Employee_312;employee39@apnmt.de;274.304.1553 x36552;104
313;Employee_313;Employee_313;employee37@apnmt.de;598.271.1227;105
314;Employee_314;Employee_314;employee38@apnmt.de;209.401.3264 x106;105
315;Employee_315;Employee_315;employee39@apnmt.de;274.304.1553 x36552;105
316;Employee_316;Employee_316;employee37@apnmt.de;598.271.1227;106
317;Employee_317;Employee_317;employee38@apnmt.de;209.401.3264 x106;106
318;Employee_318;Employee_318;employee39@apnmt.de;274.304.1553 x36552;106
319;Employee_319;Employee_319;employee37@apnmt.de;598.271.1227;107
320;Employee_320;Employee_320;employee38@apnmt.de;209.401.3264 x106;107
321;Employee_321;Employee_321;employee39@apnmt.de;274.304.1553 x36552;107
322;Employee_322;Employee_322;employee37@apnmt.de;598.271.1227;108
323;Employee_323;Employee_323;employee38@apnmt.de;209.401.3264 x106;108
324;Employee_324;Employee_324;employee39@apnmt.de;274.304.1553 x36552;108
325;Employee_325;Employee_325;employee37@apnmt.de;598.271.1227;109
326;Employee_326;Employee_326;employee38@apnmt.de;209.401.3264 x106;109
327;Employee_327;Employee_327;employee39@apnmt.de;274.304.1553 x36552;109
328;Employee_328;Employee_328;employee37@apnmt.de;598.271.1227;110
329;Employee_329;Employee_329;employee38@apnmt.de;209.401.3264 x106;110
330;Employee_330;Employee_330;employee39@apnmt.de;274.304.1553 x36552;110
331;Employee_331;Employee_331;employee37@apnmt.de;598.271.1227;111
332;Employee_332;Employee_332;employee38@apnmt.de;209.401.3264 x106;111
333;Employee_333;Employee_333;employee39@apnmt.de;274.304.1553 x36552;111
334;Employee_334;Employee_334;employee37@apnmt.de;598.271.1227;112
335;Employee_335;Employee_335;employee38@apnmt.de;209.401.3264 x106;112
336;Employee_336;Employee_336;employee39@apnmt.de;274.304.1553 x36552;112
337;Employee_337;Employee_337;employee37@apnmt.de;598.271.1227;113
338;Employee_338;Employee_338;employee38@apnmt.de;209.401.3264 x106;113
339;Employee_339;Employee_339;employee39@apnmt.de;274.304.1553 x36552;113
340;Employee_340;Employee_340;employee37@apnmt.de;598.271.1227;114
341;Employee_341;Employee_341;employee38@apnmt.de;209.401.3264 x106;114
342;Employee_342;Employee_342;employee39@apnmt.de;274.304.1553 x36552;114
343;Employee_343;Employee_343;employee37@apnmt.de;598.271.1227;115
344;Employee_344;Employee_344;employee38@apnmt.de;209.401.3264 x106;115
345;Employee_345;Employee_345;employee39@apnmt.de;274.304.1553 x36552;115
346;Employee_346;Employee_346;employee37@apnmt.de;598.271.1227;116
347;Employee_347;Employee_347;employee38@apnmt.de;209.401.3264 x106;116
348;Employee_348;Employee_348;employee39@apnmt.de;274.304.1553 x36552;116
349;Employee_349;Employee_349;employee37@apnmt.de;598.271.1227;117
350;Employee_350;Employee_350;employee38@apnmt.de;209.401.3264 x106;117
351;Employee_351;Employee_351;employee39@apnmt.de;274.304.1553 x36552;117
352;Employee_352;Employee_352;employee37@apnmt.de;598.271.1227;118
353;Employee_353;Employee_353;employee38@apnmt.de;209.401.3264 x106;118
354;Employee_354;Employee_354;employee39@apnmt.de;274.304.1553 x36552;118
355;Employee_355;Employee_355;employee37@apnmt.de;598.271.1227;119
356;Employee_356;Employee_356;employee38@apnmt.de;209.401.3264 x106;119
357;Employee_357;Employee_357;employee39@apnmt.de;274.304.1553 x36552;119
358;Employee_358;Employee_358;employee37@apnmt.de;598.271.1227;120
359;Employee_359;Employee_359;employee38@apnmt.de;209.401.3264 x106;120
360;Employee_360;Employee_360;employee39@apnmt.de;274.304.1553 x36552;120
361;Employee_361;Employee_361;employee37@apnmt.de;598.271.1227;121
362;Employee_362;Employee_362;employee38@apnmt.de;209.401.3264 x106;121
363;Employee_363;Employee_363;employee39@apnmt.de;274.304.1553 x36552;121
364;Employee_364;Employee_364;employee37@apnmt.de;598.271.1227;122
365;Employee_365;Employee_365;employee38@apnmt.de;209.401.3264 x106;122
366;Employee_366;Employee_366;employee39@apnmt.de;274.304.1553 x36552;122
367;Employee_367;Employee_367;employee37@apnmt.de;598.271.1227;123
368;Employee_368;Employee_368;employee38@apnmt.de;209.401.3264 x106;123
369;Employee_369;Employee_369;employee39@apnmt.de;274.304.1553 x36552;123
370;Employee_370;Employee_370;employee37@apnmt.de;598.271.1227;124
371;Employee_371;Employee_371;employee38@apnmt.de;209.401.3264 x106;124
372;Employee_372;Employee_372;employee39@apnmt.de;274.304.1553 x36552;124
373;Employee_373;Employee_373;employee37@apnmt.de;598.271.1227;125
374;Employee_374;Employee_374;employee38@apnmt.de;209.401.3264 x106;125
375;Employee_375;Employee_375;employee39@apnmt.de;274.304.1553 x36552;125
376;Employee_376;Employee_376;employee37@apnmt.de;598.271.1227;126
377;Employee_377;Employee_377;employee38@apnmt.de;209.401.3264 x106;126
378;Employee_378;Employee_378;employee39@apnmt.de;274.304.1553 x36552;126
379;Employee_379;Employee_379;employee37@apnmt.de;598.271.1227;127
380;Employee_380;Employee_380;employee38@apnmt.de;209.401.3264 x106;127
381;Employee_381;Employee_381;employee39@apnmt.de;274.304.1553 x36552;127
382;Employee_382;Employee_382;employee37@apnmt.de;598.271.1227;128
383;Employee_383;Employee_383;employee38@apnmt.de;209.401.3264 x106;128
384;Employee_384;Employee_384;employee39@apnmt.de;274.304.1553 x36552;128
385;Employee_385;Employee_385;employee37@apnmt.de;598.271.1227;129
386;Employee_386;Employee_386;employee38@apnmt.de;209.401.3264 x106;129
387;Employee_387;Employee_387;employee39@apnmt.de;274.304.1553 x36552;129
388;Employee_388;Employee_388;employee37@apnmt.de;598.271.1227;130
389;Employee_389;Employee_389;employee38@apnmt.de;209.401.3264 x106;130
390;Employee_390;Employee_390;employee39@apnmt.de;274.304.1553 x36552;130
391;Employee_391;Employee_391;employee37@apnmt.de;598.271.1227;131
392;Employee_392;Employee_392;employee38@apnmt.de;209.401.3264 x106;131
393;Employee_393;Employee_393;employee39@apnmt.de;274.304.1553 x36552;131
394;Employee_394;Employee_394;employee37@apnmt.de;598.271.1227;132
395;Employee_395;Employee_395;employee38@apnmt.de;209.401.3264 x106;132
396;Employee_396;Employee_396;employee39@apnmt.de;274.304.1553 x36552;132
397;Employee_397;Employee_397;employee37@apnmt.de;598.271.1227;133
398;Employee_398;Employee_398;employee38@apnmt.de;209.401.3264 x106;133
399;Employee_399;Employee_399;employee39@apnmt.de;274.304.1553 x36552;133
400;Employee_400;Employee_400;employee37@apnmt.de;598.271.1227;134
401;Employee_401;Employee_401;employee38@apnmt.de;209.401.3264 x106;134
402;Employee_402;Employee_402;employee39@apnmt.de;274.304.1553 x36552;134
403;Employee_403;Employee_403;employee37@apnmt.de;598.271.1227;135
404;Employee_404;Employee_404;employee38@apnmt.de;209.401.3264 x106;135
405;Employee_405;Employee_405;employee39@apnmt.de;274.304.1553 x36552;135
406;Employee_406;Employee_406;employee37@apnmt.de;598.271.1227;136
407;Employee_407;Employee_407;employee38@apnmt.de;209.401.3264 x106;136
408;Employee_408;Employee_408;employee39@apnmt.de;274.304.1553 x36552;136
409;Employee_409;Employee_409;employee37@apnmt.de;598.271.1227;137
410;Employee_410;Employee_410;employee38@apnmt.de;209.401.3264 x106;137
411;Employee_411;Employee_411;employee39@apnmt.de;274.304.1553 x36552;137
412;Employee_412;Employee_412;employee37@apnmt.de;598.271.1227;138
413;Employee_413;Employee_413;employee38@apnmt.de;209.401.3264 x106;138
414;Employee_414;Employee_414;employee39@apnmt.de;274.304.1553 x36552;138
415;Employee_415;Employee_415;employee37@apnmt.de;598.271.1227;139
416;Employee_416;Employee_416;employee38@apnmt.de;209.401.3264 x106;139
417;Employee_417;Employee_417;employee39@apnmt.de;274.304.1553 x36552;139
418;Employee_418;Employee_418;employee37@apnmt.de;598.271.1227;140
419;Employee_419;Employee_419;employee38@apnmt.de;209.401.3264 x106;140
420;Employee_420;Employee_420;employee39@apnmt.de;274.304.1553 x36552;140
421;Employee_421;Employee_421;employee37@apnmt.de;598.271.1227;141
422;Employee_422;Employee_422;employee38@apnmt.de;209.401.3264 x106;141
423;Employee_423;Employee_423;employee39@apnmt.de;274.304.1553 x36552;141
424;Employee_424;Employee_424;employee37@apnmt.de;598.271.1227;142
425;Employee_425;Employee_425;employee38@apnmt.de;209.401.3264 x106;142
426;Employee_426;Employee_426;employee39@apnmt.de;274.304.1553 x36552;142
427;Employee_427;Employee_427;employee37@apnmt.de;598.271.1227;143
428;Employee_428;Employee_428;employee38@apnmt.de;209.401.3264 x106;143
429;Employee_429;Employee_429;employee39@apnmt.de;274.304.1553 x36552;143
430;Employee_430;Employee_430;employee37@apnmt.de;598.271.1227;144
431;Employee_431;Employee_431;employee38@apnmt.de;209.401.3264 x106;144
432;Employee_432;Employee_432;employee39@apnmt.de;274.304.1553 x36552;144
433;Employee_433;Employee_433;employee37@apnmt.de;598.271.1227;145
434;Employee_434;Employee_434;employee38@apnmt.de;209.401.3264 x106;145
435;Employee_435;Employee_435;employee39@apnmt.de;274.304.1553 x36552;145
436;Employee_436;Employee_436;employee37@apnmt.de;598.271.1227;146
437;Employee_437;Employee_437;employee38@apnmt.de;209.401.3264 x106;146
438;Employee_438;Employee_438;employee39@apnmt.de;274.304.1553 x36552;146
439;Employee_439;Employee_439;employee37@apnmt.de;598.271.1227;147
440;Employee_440;Employee_440;employee38@apnmt.de;209.401.3264 x106;147
441;Employee_441;Employee_441;employee39@apnmt.de;274.304.1553 x36552;147
442;Employee_442;Employee_442;employee37@apnmt.de;598.271.1227;148
443;Employee_443;Employee_443;employee38@apnmt.de;209.401.3264 x106;148
444;Employee_444;Employee_444;employee39@apnmt.de;274.304.1553 x36552;148
445;Employee_445;Employee_445;employee37@apnmt.de;598.271.1227;149
446;Employee_446;Employee_446;employee38@apnmt.de;209.401.3264 x106;149
447;Employee_447;Employee_447;employee39@apnmt.de;274.304.1553 x36552;149
448;Employee_448;Employee_448;employee37@apnmt.de;598.271.1227;150
449;Employee_449;Employee_449;employee38@apnmt.de;209.401.3264 x106;150
450;Employee_450;Employee_450;employee39@apnmt.de;274.304.1553 x36552;150
451;Employee_451;Employee_451;employee37@apnmt.de;598.271.1227;151
452;Employee_452;Employee_452;employee38@apnmt.de;209.401.3264 x106;151
453;Employee_453;Employee_453;employee39@apnmt.de;274.304.1553 x36552;151
454;Employee_454;Employee_454;employee37@apnmt.de;598.271.1227;152
455;Employee_455;Employee_455;employee38@apnmt.de;209.401.3264 x106;152
456;Employee_456;Employee_456;employee39@apnmt.de;274.304.1553 x36552;152
457;Employee_457;Employee_457;employee37@apnmt.de;598.271.1227;153
458;Employee_458;Employee_458;employee38@apnmt.de;209.401.3264 x106;153
459;Employee_459;Employee_459;employee39@apnmt.de;274.304.1553 x36552;153
460;Employee_460;Employee_460;employee37@apnmt.de;598.271.1227;154
461;Employee_461;Employee_461;employee38@apnmt.de;209.401.3264 x106;154
462;Employee_462;Employee_462;employee39@apnmt.de;274.304.1553 x36552;154
463;Employee_463;Employee_463;employee37@apnmt.de;598.271.1227;155
464;Employee_464;Employee_464;employee38@apnmt.de;209.401.3264 x106;155
465;Employee_465;Employee_465;employee39@apnmt.de;274.304.1553 x36552;155
466;Employee_466;Employee_466;employee37@apnmt.de;598.271.1227;156
467;Employee_467;Employee_467;employee38@apnmt.de;209.401.3264 x106;156
468;Employee_468;Employee_468;employee39@apnmt.de;274.304.1553 x36552;156
469;Employee_469;Employee_469;employee37@apnmt.de;598.271.1227;157
470;Employee_470;Employee_470;employee38@apnmt.de;209.401.3264 x106;157
471;Employee_471;Employee_471;employee39@apnmt.de;274.304.1553 x36552;157
472;Employee_472;Employee_472;employee37@apnmt.de;598.271.1227;158
473;Employee_473;Employee_473;employee38@apnmt.de;209.401.3264 x106;158
474;Employee_474;Employee_474;employee39@apnmt.de;274.304.1553 x36552;158
475;Employee_475;Employee_475;employee37@apnmt.de;598.271.1227;159
476;Employee_476;Employee_476;employee38@apnmt.de;209.401.3264 x106;159
477;Employee_477;Employee_477;employee39@apnmt.de;274.304.1553 x36552;159
478;Employee_478;Employee_478;employee37@apnmt.de;598.271.1227;160
479;Employee_479;Employee_479;employee38@apnmt.de;209.401.3264 x106;160
480;Employee_480;Employee_480;employee39@apnmt.de;274.304.1553 x36552;160
481;Employee_481;Employee_481;employee37@apnmt.de;598.271.1227;161
482;Employee_482;Employee_482;employee38@apnmt.de;209.401.3264 x106;161
483;Employee_483;Employee_483;employee39@apnmt.de;274.304.1553 x36552;161
484;Employee_484;Employee_484;employee37@apnmt.de;598.271.1227;162
485;Employee_485;Employee_485;employee38@apnmt.de;209.401.3264 x106;162
486;Employee_486;Employee_486;employee39@apnmt.de;274.304.1553 x36552;162
487;Employee_487;Employee_487;employee37@apnmt.de;598.271.1227;163
488;Employee_488;Employee_488;employee38@apnmt.de;209.401.3264 x106;163
489;Employee_489;Employee_489;employee39@apnmt.de;274.304.1553 x36552;163
490;Employee_490;Employee_490;employee37@apnmt.de;598.271.1227;164
491;Employee_491;Employee_491;employee38@apnmt.de;209.401.3264 x106;164
492;Employee_492;Employee_492;employee39@apnmt.de;274.304.1553 x36552;164
493;Employee_493;Employee_493;employee37@apnmt.de;598.271.1227;165
494;Employee_494;Employee_494;employee38@apnmt.de;209.401.3264 x106;165
495;Employee_495;Employee_495;employee39@apnmt.de;274.304.1553 x36552;165
496;Employee_496;Employee_496;employee37@apnmt.de;598.271.1227;166
497;Employee_497;Employee_497;employee38@apnmt.de;209.401.3264 x106;166
498;Employee_498;Employee_498;employee39@apnmt.de;274.304.1553 x36552;166
499;Employee_499;Employee_499;employee37@apnmt.de;598.271.1227;167
500;Employee_500;Employee_500;employee38@apnmt.de;209.401.3264 x106;167
501;Employee_501;Employee_501;employee39@apnmt.de;274.304.1553 x36552;167
502;Employee_502;Employee_502;employee37@apnmt.de;598.271.1227;168
503;Employee_503;Employee_503;employee38@apnmt.de;209.401.3264 x106;168
504;Employee_504;Employee_504;employee39@apnmt.de;274.304.1553 x36552;168
505;Employee_505;Employee_505;employee37@apnmt.de;598.271.1227;169
506;Employee_506;Employee_506;employee38@apnmt.de;209.401.3264 x106;169
507;Employee_507;Employee_507;employee39@apnmt.de;274.304.1553 x36552;169
508;Employee_508;Employee_508;employee37@apnmt.de;598.271.1227;170
509;Employee_509;Employee_509;employee38@apnmt.de;209.401.3264 x106;170
510;Employee_510;Employee_510;employee39@apnmt.de;274.304.1553 x36552;170
511;Employee_511;Employee_511;employee37@apnmt.de;598.271.1227;171
512;Employee_512;Employee_512;employee38@apnmt.de;209.401.3264 x106;171
513;Employee_513;Employee_513;employee39@apnmt.de;274.304.1553 x36552;171
514;Employee_514;Employee_514;employee37@apnmt.de;598.271.1227;172
515;Employee_515;Employee_515;employee38@apnmt.de;209.401.3264 x106;172
516;Employee_516;Employee_516;employee39@apnmt.de;274.304.1553 x36552;172
517;Employee_517;Employee_517;employee37@apnmt.de;598.271.1227;173
518;Employee_518;Employee_518;employee38@apnmt.de;209.401.3264 x106;173
519;Employee_519;Employee_519;employee39@apnmt.de;274.304.1553 x36552;173
520;Employee_520;Employee_520;employee37@apnmt.de;598.271.1227;174
521;Employee_521;Employee_521;employee38@apnmt.de;209.401.3264 x106;174
522;Employee_522;Employee_522;employee39@apnmt.de;274.304.1553 x36552;174
523;Employee_523;Employee_523;employee37@apnmt.de;598.271.1227;175
524;Employee_524;Employee_524;employee38@apnmt.de;209.401.3264 x106;175
525;Employee_525;Employee_525;employee39@apnmt.de;274.304.1553 x36552;175
526;Employee_526;Employee_526;employee37@apnmt.de;598.271.1227;176
527;Employee_527;Employee_527;employee38@apnmt.de;209.401.3264 x106;176
528;Employee_528;Employee_528;employee39@apnmt.de;274.304.1553 x36552;176
529;Employee_529;Employee_529;employee37@apnmt.de;598.271.1227;177
530;Employee_530;Employee_530;employee38@apnmt.de;209.401.3264 x106;177
531;Employee_531;Employee_531;employee39@apnmt.de;274.304.1553 x36552;177
532;Employee_532;Employee_532;employee37@apnmt.de;598.271.1227;178
533;Employee_533;Employee_533;employee38@apnmt.de;209.401.3264 x106;178
534;Employee_534;Employee_534;employee39@apnmt.de;274.304.1553 x36552;178
535;Employee_535;Employee_535;employee37@apnmt.de;598.271.1227;179
536;Employee_536;Employee_536;employee38@apnmt.de;209.401.3264 x106;179
537;Employee_537;Employee_537;employee39@apnmt.de;274.304.1553 x36552;179
538;Employee_538;Employee_538;employee37@apnmt.de;598.271.1227;180
539;Employee_539;Employee_539;employee38@apnmt.de;209.401.3264 x106;180
540;Employee_540;Employee_540;employee39@apnmt.de;274.304.1553 x36552;180
541;Employee_541;Employee_541;employee37@apnmt.de;598.271.1227;181
542;Employee_542;Employee_542;employee38@apnmt.de;209.401.3264 x106;181
543;Employee_543;Employee_543;employee39@apnmt.de;274.304.1553 x36552;181
544;Employee_544;Employee_544;employee37@apnmt.de;598.271.1227;182
545;Employee_545;Employee_545;employee38@apnmt.de;209.401.3264 x106;182
546;Employee_546;Employee_546;employee39@apnmt.de;274.304.1553 x36552;182
547;Employee_547;Employee_547;employee37@apnmt.de;598.271.1227;183
548;Employee_548;Employee_548;employee38@apnmt.de;209.401.3264 x106;183
549;Employee_549;Employee_549;employee39@apnmt.de;274.304.1553 x36552;183
550;Employee_550;Employee_550;employee37@apnmt.de;598.271.1227;184
551;Employee_551;Employee_551;employee38@apnmt.de;209.401.3264 x106;184
552;Employee_552;Employee_552;employee39@apnmt.de;274.304.1553 x36552;184
553;Employee_553;Employee_553;employee37@apnmt.de;598.271.1227;185
554;Employee_554;Employee_554;employee38@apnmt.de;209.401.3264 x106;185
555;Employee_555;Employee_555;employee39@apnmt.de;274.304.1553 x36552;185
556;Employee_556;Employee_556;employee37@apnmt.de;598.271.1227;186
557;Employee_557;Employee_557;employee38@apnmt.de;209.401.3264 x106;186
558;Employee_558;Employee_558;employee39@apnmt.de;274.304.1553 x36552;186
559;Employee_559;Employee_559;employee37@apnmt.de;598.271.1227;187
560;Employee_560;Employee_560;employee38@apnmt.de;209.401.3264 x106;187
561;Employee_561;Employee_561;employee39@apnmt.de;274.304.1553 x36552;187
562;Employee_562;Employee_562;employee37@apnmt.de;598.271.1227;188
563;Employee_563;Employee_563;employee38@apnmt.de;209.401.3264 x106;188
564;Employee_564;Employee_564;employee39@apnmt.de;274.304.1553 x36552;188
565;Employee_565;Employee_565;employee37@apnmt.de;598.271.1227;189
566;Employee_566;Employee_566;employee38@apnmt.de;209.401.3264 x106;189
567;Employee_567;Employee_567;employee39@apnmt.de;274.304.1553 x36552;189
568;Employee_568;Employee_568;employee37@apnmt.de;598.271.1227;190
569;Employee_569;Employee_569;employee38@apnmt.de;209.401.3264 x106;190
570;Employee_570;Employee_570;employee39@apnmt.de;274.304.1553 x36552;190
571;Employee_571;Employee_571;employee37@apnmt.de;598.271.1227;191
572;Employee_572;Employee_572;employee38@apnmt.de;209.401.3264 x106;191
573;Employee_573;Employee_573;employee39@apnmt.de;274.304.1553 x36552;191
574;Employee_574;Employee_574;employee37@apnmt.de;598.271.1227;192
575;Employee_575;Employee_575;employee38@apnmt.de;209.401.3264 x106;192
576;Employee_576;Employee_576;employee39@apnmt.de;274.304.1553 x36552;192
577;Employee_577;Employee_577;employee37@apnmt.de;598.271.1227;193
578;Employee_578;Employee_578;employee38@apnmt.de;209.401.3264 x106;193
579;Employee_579;Employee_579;employee39@apnmt.de;274.304.1553 x36552;193
580;Employee_580;Employee_580;employee37@apnmt.de;598.271.1227;194
581;Employee_581;Employee_581;employee38@apnmt.de;209.401.3264 x106;194
582;Employee_582;Employee_582;employee39@apnmt.de;274.304.1553 x36552;194
583;Employee_583;Employee_583;employee37@apnmt.de;598.271.1227;195
584;Employee_584;Employee_584;employee38@apnmt.de;209.401.3264 x106;195
585;Employee_585;Employee_585;employee39@apnmt.de;274.304.1553 x36552;195
586;Employee_586;Employee_586;employee37@apnmt.de;598.271.1227;196
587;Employee_587;Employee_587;employee38@apnmt.de;209.401.3264 x106;196
588;Employee_588;Employee_588;employee39@apnmt.de;274.304.1553 x36552;196
589;Employee_589;Employee_589;employee37@apnmt.de;598.271.1227;197
590;Employee_590;Employee_590;employee38@apnmt.de;209.401.3264 x106;197
591;Employee_591;Employee_591;employee39@apnmt.de;274.304.1553 x36552;197
592;Employee_592;Employee_592;employee37@apnmt.de;598.271.1227;198
593;Employee_593;Employee_593;employee38@apnmt.de;209.401.3264 x106;198
594;Employee_594;Employee_594;employee39@apnmt.de;274.304.1553 x36552;198
595;Employee_595;Employee_595;employee37@apnmt.de;598.271.1227;199
596;Employee_596;Employee_596;employee38@apnmt.de;209.401.3264 x106;199
597;Employee_597;Employee_597;employee39@apnmt.de;274.304.1553 x36552;199
598;Employee_598;Employee_598;employee37@apnmt.de;598.271.1227;200
599;Employee_599;Employee_599;employee38@apnmt.de;209.401.3264 x106;200
600;Employee_600;Employee_600;employee39@apnmt.de;274.304.1553 x36552;200
601;Employee_601;Employee_601;employee37@apnmt.de;598.271.1227;201
602;Employee_602;Employee_602;employee38@apnmt.de;209.401.3264 x106;201
603;Employee_603;Employee_603;employee39@apnmt.de;274.304.1553 x36552;201
603;Employee_604;Employee_604;employee39@apnmt.de;274.304.1553 x36553;202
603;Employee_605;Employee_605;employee39@apnmt.de;274.304.1553 x36554;202
603;Employee_606;Employee_606;employee39@apnmt.de;274.304.1553 x36555;202
603;Employee_607;Employee_607;employee39@apnmt.de;274.304.1553 x36556;203
603;Employee_608;Employee_608;employee39@apnmt.de;274.304.1553 x36557;203
603;Employee_609;Employee_609;employee39@apnmt.de;274.304.1553 x36558;203
603;Employee_610;Employee_610;employee39@apnmt.de;274.304.1553 x36559;204
603;Employee_611;Employee_611;employee39@apnmt.de;274.304.1553 x36560;204
603;Employee_612;Employee_612;employee39@apnmt.de;274.304.1553 x36561;204
603;Employee_613;Employee_613;employee39@apnmt.de;274.304.1553 x36562;205
603;Employee_614;Employee_614;employee39@apnmt.de;274.304.1553 x36563;205
603;Employee_615;Employee_615;employee39@apnmt.de;274.304.1553 x36564;205
603;Employee_616;Employee_616;employee39@apnmt.de;274.304.1553 x36565;206
603;Employee_617;Employee_617;employee39@apnmt.de;274.304.1553 x36566;206
603;Employee_618;Employee_618;employee39@apnmt.de;274.304.1553 x36567;206
603;Employee_619;Employee_619;employee39@apnmt.de;274.304.1553 x36568;207
603;Employee_620;Employee_620;employee39@apnmt.de;274.304.1553 x36569;207
603;Employee_621;Employee_621;employee39@apnmt.de;274.304.1553 x36570;207
603;Employee_622;Employee_622;employee39@apnmt.de;274.304.1553 x36571;208
603;Employee_623;Employee_623;employee39@apnmt.de;274.304.1553 x36572;208
603;Employee_624;Employee_624;employee39@apnmt.de;274.304.1553 x36573;208
603;Employee_625;Employee_625;employee39@apnmt.de;274.304.1553 x36574;209
603;Employee_626;Employee_626;employee39@apnmt.de;274.304.1553 x36575;209
603;Employee_627;Employee_627;employee39@apnmt.de;274.304.1553 x36576;209
603;Employee_628;Employee_628;employee39@apnmt.de;274.304.1553 x36577;210
603;Employee_629;Employee_629;employee39@apnmt.de;274.304.1553 x36578;210
603;Employee_630;Employee_630;employee39@apnmt.de;274.304.1553 x36579;210
603;Employee_631;Employee_631;employee39@apnmt.de;274.304.1553 x36580;211
603;Employee_632;Employee_632;employee39@apnmt.de;274.304.1553 x36581;211
603;Employee_633;Employee_633;employee39@apnmt.de;274.304.1553 x36582;211
603;Employee_634;Employee_634;employee39@apnmt.de;274.304.1553 x36583;212
603;Employee_635;Employee_635;employee39@apnmt.de;274.304.1553 x36584;212
603;Employee_636;Employee_636;employee39@apnmt.de;274.304.1553 x36585;212
603;Employee_637;Employee_637;employee39@apnmt.de;274.304.1553 x36586;213
603;Employee_638;Employee_638;employee39@apnmt.de;274.304.1553 x36587;213
603;Employee_639;Employee_639;employee39@apnmt.de;274.304.1553 x36588;213
603;Employee_640;Employee_640;employee39@apnmt.de;274.304.1553 x36589;214
603;Employee_641;Employee_641;employee39@apnmt.de;274.304.1553 x36590;214
603;Employee_642;Employee_642;employee39@apnmt.de;274.304.1553 x36591;214
603;Employee_643;Employee_643;employee39@apnmt.de;274.304.1553 x36592;215
603;Employee_644;Employee_644;employee39@apnmt.de;274.304.1553 x36593;215
603;Employee_645;Employee_645;employee39@apnmt.de;274.304.1553 x36594;215
603;Employee_646;Employee_646;employee39@apnmt.de;274.304.1553 x36595;216
603;Employee_647;Employee_647;employee39@apnmt.de;274.304.1553 x36596;216
603;Employee_648;Employee_648;employee39@apnmt.de;274.304.1553 x36597;216
603;Employee_649;Employee_649;employee39@apnmt.de;274.304.1553 x36598;217
603;Employee_650;Employee_650;employee39@apnmt.de;274.304.1553 x36599;217
603;Employee_651;Employee_651;employee39@apnmt.de;274.304.1553 x36600;217
603;Employee_652;Employee_652;employee39@apnmt.de;274.304.1553 x36601;218
603;Employee_653;Employee_653;employee39@apnmt.de;274.304.1553 x36602;218
603;Employee_654;Employee_654;employee39@apnmt.de;274.304.1553 x36603;218
603;Employee_655;Employee_655;employee39@apnmt.de;274.304.1553 x36604;219
603;Employee_656;Employee_656;employee39@apnmt.de;274.304.1553 x36605;219
603;Employee_657;Employee_657;employee39@apnmt.de;274.304.1553 x36606;219
603;Employee_658;Employee_658;employee39@apnmt.de;274.304.1553 x36607;220
603;Employee_659;Employee_659;employee39@apnmt.de;274.304.1553 x36608;220
603;Employee_660;Employee_660;employee39@apnmt.de;274.304.1553 x36609;220
603;Employee_661;Employee_661;employee39@apnmt.de;274.304.1553 x36610;221
603;Employee_662;Employee_662;employee39@apnmt.de;274.304.1553 x36611;221
603;Employee_663;Employee_663;employee39@apnmt.de;274.304.1553 x36612;221
603;Employee_664;Employee_664;employee39@apnmt.de;274.304.1553 x36613;222
603;Employee_665;Employee_665;employee39@apnmt.de;274.304.1553 x36614;222
603;Employee_666;Employee_666;employee39@apnmt.de;274.304.1553 x36615;222
603;Employee_667;Employee_667;employee39@apnmt.de;274.304.1553 x36616;223
603;Employee_668;Employee_668;employee39@apnmt.de;274.304.1553 x36617;223
603;Employee_669;Employee_669;employee39@apnmt.de;274.304.1553 x36618;223
603;Employee_670;Employee_670;employee39@apnmt.de;274.304.1553 x36619;224
603;Employee_671;Employee_671;employee39@apnmt.de;274.304.1553 x36620;224
603;Employee_672;Employee_672;employee39@apnmt.de;274.304.1553 x36621;224
603;Employee_673;Employee_673;employee39@apnmt.de;274.304.1553 x36622;225
603;Employee_674;Employee_674;employee39@apnmt.de;274.304.1553 x36623;225
603;Employee_675;Employee_675;employee39@apnmt.de;274.304.1553 x36624;225
603;Employee_676;Employee_676;employee39@apnmt.de;274.304.1553 x36625;226
603;Employee_677;Employee_677;employee39@apnmt.de;274.304.1553 x36626;226
603;Employee_678;Employee_678;employee39@apnmt.de;274.304.1553 x36627;226
603;Employee_679;Employee_679;employee39@apnmt.de;274.304.1553 x36628;227
603;Employee_680;Employee_680;employee39@apnmt.de;274.304.1553 x36629;227
603;Employee_681;Employee_681;employee39@apnmt.de;274.304.1553 x36630;227
603;Employee_682;Employee_682;employee39@apnmt.de;274.304.1553 x36631;228
603;Employee_683;Employee_683;employee39@apnmt.de;274.304.1553 x36632;228
603;Employee_684;Employee_684;employee39@apnmt.de;274.304.1553 x36633;228
603;Employee_685;Employee_685;employee39@apnmt.de;274.304.1553 x36634;229
603;Employee_686;Employee_686;employee39@apnmt.de;274.304.1553 x36635;229
603;Employee_687;Employee_687;employee39@apnmt.de;274.304.1553 x36636;229
603;Employee_688;Employee_688;employee39@apnmt.de;274.304.1553 x36637;230
603;Employee_689;Employee_689;employee39@apnmt.de;274.304.1553 x36638;230
603;Employee_690;Employee_690;employee39@apnmt.de;274.304.1553 x36639;230
603;Employee_691;Employee_691;employee39@apnmt.de;274.304.1553 x36640;231
603;Employee_692;Employee_692;employee39@apnmt.de;274.304.1553 x36641;231
603;Employee_693;Employee_693;employee39@apnmt.de;274.304.1553 x36642;231
603;Employee_694;Employee_694;employee39@apnmt.de;274.304.1553 x36643;232
603;Employee_695;Employee_695;employee39@apnmt.de;274.304.1553 x36644;232
603;Employee_696;Employee_696;employee39@apnmt.de;274.304.1553 x36645;232
603;Employee_697;Employee_697;employee39@apnmt.de;274.304.1553 x36646;233
603;Employee_698;Employee_698;employee39@apnmt.de;274.304.1553 x36647;233
603;Employee_699;Employee_699;employee39@apnmt.de;274.304.1553 x36648;233
603;Employee_700;Employee_700;employee39@apnmt.de;274.304.1553 x36649;234
603;Employee_701;Employee_701;employee39@apnmt.de;274.304.1553 x36650;234
603;Employee_702;Employee_702;employee39@apnmt.de;274.304.1553 x36651;234
603;Employee_703;Employee_703;employee39@apnmt.de;274.304.1553 x36652;235
603;Employee_704;Employee_704;employee39@apnmt.de;274.304.1553 x36653;235
603;Employee_705;Employee_705;employee39@apnmt.de;274.304.1553 x36654;235
603;Employee_706;Employee_706;employee39@apnmt.de;274.304.1553 x36655;236
603;Employee_707;Employee_707;employee39@apnmt.de;274.304.1553 x36656;236
603;Employee_708;Employee_708;employee39@apnmt.de;274.304.1553 x36657;236
603;Employee_709;Employee_709;employee39@apnmt.de;274.304.1553 x36658;237
603;Employee_710;Employee_710;employee39@apnmt.de;274.304.1553 x36659;237
603;Employee_711;Employee_711;employee39@apnmt.de;274.304.1553 x36660;237
603;Employee_712;Employee_712;employee39@apnmt.de;274.304.1553 x36661;238
603;Employee_713;Employee_713;employee39@apnmt.de;274.304.1553 x36662;238
603;Employee_714;Employee_714;employee39@apnmt.de;274.304.1553 x36663;238
603;Employee_715;Employee_715;employee39@apnmt.de;274.304.1553 x36664;239
603;Employee_716;Employee_716;employee39@apnmt.de;274.304.1553 x36665;239
603;Employee_717;Employee_717;employee39@apnmt.de;274.304.1553 x36666;239
603;Employee_718;Employee_718;employee39@apnmt.de;274.304.1553 x36667;240
603;Employee_719;Employee_719;employee39@apnmt.de;274.304.1553 x36668;240
603;Employee_720;Employee_720;employee39@apnmt.de;274.304.1553 x36669;240
603;Employee_721;Employee_721;employee39@apnmt.de;274.304.1553 x36670;241
603;Employee_722;Employee_722;employee39@apnmt.de;274.304.1553 x36671;241
603;Employee_723;Employee_723;employee39@apnmt.de;274.304.1553 x36672;241
603;Employee_724;Employee_724;employee39@apnmt.de;274.304.1553 x36673;242
603;Employee_725;Employee_725;employee39@apnmt.de;274.304.1553 x36674;242
603;Employee_726;Employee_726;employee39@apnmt.de;274.304.1553 x36675;242
603;Employee_727;Employee_727;employee39@apnmt.de;274.304.1553 x36676;243
603;Employee_728;Employee_728;employee39@apnmt.de;274.304.1553 x36677;243
603;Employee_729;Employee_729;employee39@apnmt.de;274.304.1553 x36678;243
603;Employee_730;Employee_730;employee39@apnmt.de;274.304.1553 x36679;244
603;Employee_731;Employee_731;employee39@apnmt.de;274.304.1553 x36680;244
603;Employee_732;Employee_732;employee39@apnmt.de;274.304.1553 x36681;244
603;Employee_733;Employee_733;employee39@apnmt.de;274.304.1553 x36682;245
603;Employee_734;Employee_734;employee39@apnmt.de;274.304.1553 x36683;245
603;Employee_735;Employee_735;employee39@apnmt.de;274.304.1553 x36684;245
603;Employee_736;Employee_736;employee39@apnmt.de;274.304.1553 x36685;246
603;Employee_737;Employee_737;employee39@apnmt.de;274.304.1553 x36686;246
603;Employee_738;Employee_738;employee39@apnmt.de;274.304.1553 x36687;246
603;Employee_739;Employee_739;employee39@apnmt.de;274.304.1553 x36688;247
603;Employee_740;Employee_740;employee39@apnmt.de;274.304.1553 x36689;247
603;Employee_741;Employee_741;employee39@apnmt.de;274.304.1553 x36690;247
603;Employee_742;Employee_742;employee39@apnmt.de;274.304.1553 x36691;248
603;Employee_743;Employee_743;employee39@apnmt.de;274.304.1553 x36692;248
603;Employee_744;Employee_744;employee39@apnmt.de;274.304.1553 x36693;248
603;Employee_745;Employee_745;employee39@apnmt.de;274.304.1553 x36694;249
603;Employee_746;Employee_746;employee39@apnmt.de;274.304.1553 x36695;249
603;Employee_747;Employee_747;employee39@apnmt.de;274.304.1553 x36696;249
603;Employee_748;Employee_748;employee39@apnmt.de;274.304.1553 x36697;250
603;Employee_749;Employee_749;employee39@apnmt.de;274.304.1553 x36698;250
603;Employee_750;Employee_750;employee39@apnmt.de;274.304.1553 x36699;250
603;Employee_751;Employee_751;employee39@apnmt.de;274.304.1553 x36700;251
603;Employee_752;Employee_752;employee39@apnmt.de;274.304.1553 x36701;251
603;Employee_753;Employee_753;employee39@apnmt.de;274.304.1553 x36702;251